[{"model": "admin.logentry", "pk": 11, "fields": {"action_time": "2025-07-06T06:31:17.719Z", "user": 4, "content_type": 4, "object_id": "7", "object_repr": "nandar123@gmail.com", "action_flag": 1, "change_message": "[{\"added\": {}}]"}}, {"model": "admin.logentry", "pk": 12, "fields": {"action_time": "2025-07-06T06:32:35.946Z", "user": 4, "content_type": 4, "object_id": "7", "object_repr": "nandar123@gmail.com", "action_flag": 2, "change_message": "[{\"changed\": {\"fields\": [\"First name\"]}}]"}}, {"model": "admin.logentry", "pk": 13, "fields": {"action_time": "2025-07-06T06:32:53.093Z", "user": 4, "content_type": 4, "object_id": "7", "object_repr": "nandar123", "action_flag": 2, "change_message": "[{\"changed\": {\"fields\": [\"Username\"]}}]"}}, {"model": "admin.logentry", "pk": 14, "fields": {"action_time": "2025-07-06T06:34:43.800Z", "user": 4, "content_type": 4, "object_id": "7", "object_repr": "nandar123", "action_flag": 2, "change_message": "[{\"changed\": {\"fields\": [\"First name\", \"User permissions\"]}}]"}}, {"model": "auth.user", "pk": 4, "fields": {"password": "pbkdf2_sha256$1000000$wbzXnkxixTGO7ugdNALX28$+j2mhYg6sn4Fvs9LUva/Z1ftW0s3KscvopJzMJthDqU=", "last_login": "2025-07-06T06:35:51.623Z", "is_superuser": true, "username": "sanchain", "first_name": "", "last_name": "", "email": "sanchain@gmail.com", "is_staff": true, "is_active": true, "date_joined": "2025-06-30T17:08:09.251Z", "groups": [], "user_permissions": []}}, {"model": "auth.user", "pk": 6, "fields": {"password": "pbkdf2_sha256$1000000$wz9Loc9EiZzVkmumaj404H$XSsVOTAaBmpIm/RUbwJ/frvZR+4dL0tGIpeaDNjhZAU=", "last_login": "2025-07-06T04:44:00.491Z", "is_superuser": false, "username": "waiwai", "first_name": "", "last_name": "", "email": "", "is_staff": false, "is_active": true, "date_joined": "2025-07-01T03:21:19.399Z", "groups": [], "user_permissions": []}}, {"model": "auth.user", "pk": 7, "fields": {"password": "pbkdf2_sha256$1000000$0b7TUGOqtWsfD5pYe2ycSx$XS4naiYhdTEp2O9WyMdyCO6Vw5BdSKi47nzrH6oa43I=", "last_login": "2025-07-06T06:35:08.756Z", "is_superuser": false, "username": "nandar123", "first_name": "", "last_name": "", "email": "", "is_staff": false, "is_active": true, "date_joined": "2025-07-06T06:31:16Z", "groups": [], "user_permissions": [1, 2, 3, 4, 9, 10, 11, 12, 5, 6, 7, 8, 13, 14, 15, 16, 17, 18, 19, 20, 25, 26, 27, 28, 41, 42, 43, 44, 45, 46, 47, 48, 29, 30, 31, 32, 33, 34, 35, 36, 37, 38, 39, 40, 21, 22, 23, 24]}}, {"model": "auth.user", "pk": 8, "fields": {"password": "pbkdf2_sha256$1000000$F0Li2K2nZ5do8eLEG9JncM$VfIV0dxoSohGP5YFq+w/+fYRsz4wD9aM6T9kSerZ7Og=", "last_login": "2025-07-06T11:58:55.383Z", "is_superuser": true, "username": "nandar", "first_name": "", "last_name": "", "email": "nandar@gmail.com", "is_staff": true, "is_active": true, "date_joined": "2025-07-06T07:06:19.011Z", "groups": [], "user_permissions": []}}, {"model": "sessions.session", "pk": "5tlzb4u0et27xusz0tcj7biyydsquhfe", "fields": {"session_data": ".eJxVjEEOwiAQRe_C2hCQFgeX7nsGMjMMUjU0Ke3KeHfbpAvdvvf-f6uI61Li2mSOY1JXBer0ywj5KXUX6YH1Pmme6jKPpPdEH7bpYUryuh3t30HBVrb1mUCCQEBEsRmCdZR8II-CNoGY4CWxbKzzrqfeWOgMXzK6zM4BZ_X5AhRROQQ:1uYO1H:f6AxvIwUT2UOFi0_aDD5Xt43n2qIjMtMDBD2Cjme7HU", "expire_date": "2025-07-20T11:58:55.402Z"}}, {"model": "inventory.profile", "pk": 4, "fields": {"user": 4, "role": "admin", "permissions": []}}, {"model": "inventory.profile", "pk": 6, "fields": {"user": 6, "role": "staff", "permissions": [25, 26, 27, 28, 29, 30, 31, 32, 33, 34, 35, 36]}}, {"model": "inventory.profile", "pk": 7, "fields": {"user": 7, "role": "", "permissions": []}}, {"model": "inventory.profile", "pk": 8, "fields": {"user": 8, "role": "admin", "permissions": []}}, {"model": "inventory.threshold", "pk": 1, "fields": {"low_stock_threshold": 10, "expiry_threshold_days": 30}}, {"model": "inventory.medicine", "pk": 1, "fields": {"code": "1111", "name": "Vitamin E 1000mg", "brand_name": "AAA", "category": "Vitamins & Supplements", "unit_per_package": 1, "package_type": "ဆေးဘူး", "quantity": 97, "purchase_price": 2000, "selling_price": 3000, "purchase_date": "2025-06-29", "expiry_date": "2026-10-29", "added_date": "2025-06-29T08:22:43.158Z", "description": "", "dosage_form": "", "supplier_name": "", "storage_info": "", "location": ""}}, {"model": "inventory.medicine", "pk": 2, "fields": {"code": "1121", "name": "Biogestsis", "brand_name": "BBB", "category": "Painkillers", "unit_per_package": 1, "package_type": "ဆေးဘူး", "quantity": 41, "purchase_price": 10000, "selling_price": 12000, "purchase_date": "2025-06-29", "expiry_date": "2026-10-29", "added_date": "2025-06-29T08:23:29.545Z", "description": "", "dosage_form": "", "supplier_name": "", "storage_info": "", "location": ""}}, {"model": "inventory.medicine", "pk": 3, "fields": {"code": "1123", "name": "Biogestsis", "brand_name": "BBB", "category": "Painkillers", "unit_per_package": 1, "package_type": "ဆေးကတ်", "quantity": 994, "purchase_price": 2000, "selling_price": 2200, "purchase_date": "2025-06-29", "expiry_date": "2025-10-29", "added_date": "2025-06-29T08:24:18.605Z", "description": "", "dosage_form": "", "supplier_name": "", "storage_info": "", "location": ""}}, {"model": "inventory.medicine", "pk": 4, "fields": {"code": "1222", "name": "Paracetamol 500mg", "brand_name": "BBB", "category": "Painkillers", "unit_per_package": 1, "package_type": "ဆေးဘူး", "quantity": 7, "purchase_price": 1000, "selling_price": 1200, "purchase_date": "2025-06-29", "expiry_date": "2025-07-25", "added_date": "2025-06-29T08:56:06.762Z", "description": "", "dosage_form": "", "supplier_name": "", "storage_info": "", "location": ""}}, {"model": "inventory.medicine", "pk": 5, "fields": {"code": "1224", "name": "Ibuprofen", "brand_name": "DDD", "category": "Other", "unit_per_package": 1, "package_type": "ဆေးဘူး", "quantity": 43, "purchase_price": 5000, "selling_price": 5500, "purchase_date": "2025-06-29", "expiry_date": "2025-09-26", "added_date": "2025-06-29T08:57:16.820Z", "description": "", "dosage_form": "", "supplier_name": "", "storage_info": "", "location": ""}}, {"model": "inventory.medicine", "pk": 6, "fields": {"code": "1225", "name": "Naproxen", "brand_name": "AAA", "category": "Painkillers", "unit_per_package": 1, "package_type": "ဆေးကတ်", "quantity": 14, "purchase_price": 5000, "selling_price": 5500, "purchase_date": "2025-06-29", "expiry_date": "2025-12-29", "added_date": "2025-06-29T09:02:08.550Z", "description": "", "dosage_form": "", "supplier_name": "", "storage_info": "", "location": ""}}, {"model": "inventory.medicine", "pk": 7, "fields": {"code": "1141", "name": "Vitamin B1 (Thiamine)", "brand_name": "DDD", "category": "Vitamins & Supplements", "unit_per_package": 1, "package_type": "ဆေးကတ်", "quantity": 47, "purchase_price": 5000, "selling_price": 5500, "purchase_date": "2025-06-29", "expiry_date": "2026-06-29", "added_date": "2025-06-29T09:03:48.024Z", "description": "", "dosage_form": "", "supplier_name": "", "storage_info": "", "location": ""}}, {"model": "inventory.medicine", "pk": 8, "fields": {"code": "1215", "name": "Applolen", "brand_name": "AAA", "category": "Painkillers", "unit_per_package": 1, "package_type": "ဆေးကတ်", "quantity": 13, "purchase_price": 5000, "selling_price": 5500, "purchase_date": "2025-06-29", "expiry_date": "2025-12-29", "added_date": "2025-06-30T16:09:03.095Z", "description": "", "dosage_form": "", "supplier_name": "", "storage_info": "", "location": ""}}, {"model": "inventory.medicine", "pk": 9, "fields": {"code": "1352", "name": "Paracetamol 1500mg", "brand_name": "BBB", "category": "Painkillers", "unit_per_package": 1, "package_type": "ဆေးဘူး", "quantity": 7, "purchase_price": 1000, "selling_price": 1200, "purchase_date": "2025-06-29", "expiry_date": "2025-07-25", "added_date": "2025-06-30T16:09:03.098Z", "description": "", "dosage_form": "", "supplier_name": "", "storage_info": "", "location": ""}}, {"model": "inventory.medicine", "pk": 10, "fields": {"code": "1456", "name": "Vitamin B5 (Thiamine)", "brand_name": "DDD", "category": "Vitamins & Supplements", "unit_per_package": 1, "package_type": "ဆေးကတ်", "quantity": 47, "purchase_price": 5000, "selling_price": 5500, "purchase_date": "2025-06-29", "expiry_date": "2026-06-29", "added_date": "2025-06-30T16:09:03.100Z", "description": "", "dosage_form": "", "supplier_name": "", "storage_info": "", "location": ""}}, {"model": "inventory.medicine", "pk": 11, "fields": {"code": "1235", "name": "Vitamin C 2000mg", "brand_name": "AAA", "category": "Vitamins & Supplements", "unit_per_package": 1, "package_type": "ဆေးဘူး", "quantity": 97, "purchase_price": 2000, "selling_price": 3000, "purchase_date": "2025-06-29", "expiry_date": "2026-10-29", "added_date": "2025-06-30T16:09:03.102Z", "description": "", "dosage_form": "", "supplier_name": "", "storage_info": "", "location": ""}}, {"model": "inventory.sale", "pk": 1, "fields": {"created_at": "2025-06-29T08:50:41.712Z", "created_by": null, "delivery_fee": 0, "total_amount": 3000, "customer_name": "", "customer_phone": "", "customer_address": ""}}, {"model": "inventory.sale", "pk": 2, "fields": {"created_at": "2025-06-29T09:17:53.183Z", "created_by": null, "delivery_fee": 0, "total_amount": 142900, "customer_name": "", "customer_phone": "", "customer_address": ""}}, {"model": "inventory.sale", "pk": 3, "fields": {"created_at": "2025-06-29T12:20:47.677Z", "created_by": null, "delivery_fee": 2000, "total_amount": 151600, "customer_name": "", "customer_phone": "", "customer_address": ""}}, {"model": "inventory.sale", "pk": 4, "fields": {"created_at": "2025-06-29T12:43:46.348Z", "created_by": null, "delivery_fee": 0, "total_amount": 122200, "customer_name": "", "customer_phone": "", "customer_address": ""}}, {"model": "inventory.sale", "pk": 5, "fields": {"created_at": "2025-06-29T12:55:12.823Z", "created_by": null, "delivery_fee": 2000, "total_amount": 16200, "customer_name": "San Chain Tun", "customer_phone": "09222", "customer_address": "Miyazaki, Japan"}}, {"model": "inventory.sale", "pk": 6, "fields": {"created_at": "2025-06-29T13:28:04.296Z", "created_by": null, "delivery_fee": 0, "total_amount": 120000, "customer_name": "", "customer_phone": "", "customer_address": ""}}, {"model": "inventory.sale", "pk": 7, "fields": {"created_at": "2025-06-29T13:29:37.111Z", "created_by": null, "delivery_fee": 0, "total_amount": 2200, "customer_name": "", "customer_phone": "", "customer_address": ""}}, {"model": "inventory.sale", "pk": 8, "fields": {"created_at": "2025-06-29T14:17:31.634Z", "created_by": null, "delivery_fee": 1000, "total_amount": 12000, "customer_name": "San Chain", "customer_phone": "022", "customer_address": "Japan"}}, {"model": "inventory.sale", "pk": 9, "fields": {"created_at": "2025-06-29T15:31:02.064Z", "created_by": null, "delivery_fee": 1000, "total_amount": 17500, "customer_name": "", "customer_phone": "", "customer_address": ""}}, {"model": "inventory.sale", "pk": 10, "fields": {"created_at": "2025-06-29T15:46:31.979Z", "created_by": null, "delivery_fee": 1000, "total_amount": 134200, "customer_name": "", "customer_phone": "", "customer_address": ""}}, {"model": "inventory.sale", "pk": 11, "fields": {"created_at": "2025-06-29T15:49:54.391Z", "created_by": null, "delivery_fee": 0, "total_amount": 120000, "customer_name": "", "customer_phone": "", "customer_address": ""}}, {"model": "inventory.sale", "pk": 12, "fields": {"created_at": "2025-06-30T16:09:53.729Z", "created_by": null, "delivery_fee": 0, "total_amount": 5500, "customer_name": "", "customer_phone": "", "customer_address": ""}}, {"model": "inventory.sale", "pk": 13, "fields": {"created_at": "2025-06-30T18:50:14.616Z", "created_by": null, "delivery_fee": 0, "total_amount": 5500, "customer_name": "", "customer_phone": "", "customer_address": ""}}, {"model": "inventory.sale", "pk": 14, "fields": {"created_at": "2025-07-06T03:27:37.150Z", "created_by": null, "delivery_fee": 0, "total_amount": 125500, "customer_name": "", "customer_phone": "", "customer_address": ""}}, {"model": "inventory.sale", "pk": 15, "fields": {"created_at": "2025-07-06T04:14:55.218Z", "created_by": 4, "delivery_fee": 0, "total_amount": 125500, "customer_name": "", "customer_phone": "", "customer_address": ""}}, {"model": "inventory.sale", "pk": 16, "fields": {"created_at": "2025-07-06T04:44:05.699Z", "created_by": 6, "delivery_fee": 0, "total_amount": 11000, "customer_name": "", "customer_phone": "", "customer_address": ""}}, {"model": "inventory.saleitem", "pk": 1, "fields": {"sale": 1, "medicine": 1, "quantity": 1, "price_at_sale": 3000}}, {"model": "inventory.saleitem", "pk": 2, "fields": {"sale": 2, "medicine": 1, "quantity": 1, "price_at_sale": 3000}}, {"model": "inventory.saleitem", "pk": 3, "fields": {"sale": 2, "medicine": 2, "quantity": 1, "price_at_sale": 120000}}, {"model": "inventory.saleitem", "pk": 4, "fields": {"sale": 2, "medicine": 3, "quantity": 1, "price_at_sale": 2200}}, {"model": "inventory.saleitem", "pk": 5, "fields": {"sale": 2, "medicine": 4, "quantity": 1, "price_at_sale": 1200}}, {"model": "inventory.saleitem", "pk": 6, "fields": {"sale": 2, "medicine": 5, "quantity": 1, "price_at_sale": 5500}}, {"model": "inventory.saleitem", "pk": 7, "fields": {"sale": 2, "medicine": 6, "quantity": 1, "price_at_sale": 5500}}, {"model": "inventory.saleitem", "pk": 8, "fields": {"sale": 2, "medicine": 7, "quantity": 1, "price_at_sale": 5500}}, {"model": "inventory.saleitem", "pk": 9, "fields": {"sale": 3, "medicine": 1, "quantity": 1, "price_at_sale": 3000}}, {"model": "inventory.saleitem", "pk": 10, "fields": {"sale": 3, "medicine": 2, "quantity": 1, "price_at_sale": 120000}}, {"model": "inventory.saleitem", "pk": 11, "fields": {"sale": 3, "medicine": 3, "quantity": 1, "price_at_sale": 2200}}, {"model": "inventory.saleitem", "pk": 12, "fields": {"sale": 3, "medicine": 4, "quantity": 2, "price_at_sale": 1200}}, {"model": "inventory.saleitem", "pk": 13, "fields": {"sale": 3, "medicine": 5, "quantity": 2, "price_at_sale": 5500}}, {"model": "inventory.saleitem", "pk": 14, "fields": {"sale": 3, "medicine": 6, "quantity": 1, "price_at_sale": 5500}}, {"model": "inventory.saleitem", "pk": 15, "fields": {"sale": 3, "medicine": 7, "quantity": 1, "price_at_sale": 5500}}, {"model": "inventory.saleitem", "pk": 16, "fields": {"sale": 4, "medicine": 2, "quantity": 1, "price_at_sale": 120000}}, {"model": "inventory.saleitem", "pk": 17, "fields": {"sale": 4, "medicine": 3, "quantity": 1, "price_at_sale": 2200}}, {"model": "inventory.saleitem", "pk": 34, "fields": {"sale": 5, "medicine": 2, "quantity": 1, "price_at_sale": 12000}}, {"model": "inventory.saleitem", "pk": 35, "fields": {"sale": 5, "medicine": 3, "quantity": 1, "price_at_sale": 2200}}, {"model": "inventory.saleitem", "pk": 36, "fields": {"sale": 6, "medicine": 2, "quantity": 1, "price_at_sale": 120000}}, {"model": "inventory.saleitem", "pk": 37, "fields": {"sale": 7, "medicine": 3, "quantity": 1, "price_at_sale": 2200}}, {"model": "inventory.saleitem", "pk": 64, "fields": {"sale": 8, "medicine": 6, "quantity": 1, "price_at_sale": 5500}}, {"model": "inventory.saleitem", "pk": 65, "fields": {"sale": 8, "medicine": 7, "quantity": 1, "price_at_sale": 5500}}, {"model": "inventory.saleitem", "pk": 74, "fields": {"sale": 9, "medicine": 5, "quantity": 2, "price_at_sale": 5500}}, {"model": "inventory.saleitem", "pk": 75, "fields": {"sale": 9, "medicine": 6, "quantity": 1, "price_at_sale": 5500}}, {"model": "inventory.saleitem", "pk": 78, "fields": {"sale": 10, "medicine": 2, "quantity": 1, "price_at_sale": 120000}}, {"model": "inventory.saleitem", "pk": 79, "fields": {"sale": 10, "medicine": 3, "quantity": 1, "price_at_sale": 2200}}, {"model": "inventory.saleitem", "pk": 80, "fields": {"sale": 10, "medicine": 5, "quantity": 1, "price_at_sale": 5500}}, {"model": "inventory.saleitem", "pk": 81, "fields": {"sale": 10, "medicine": 6, "quantity": 1, "price_at_sale": 5500}}, {"model": "inventory.saleitem", "pk": 82, "fields": {"sale": 11, "medicine": 2, "quantity": 1, "price_at_sale": 120000}}, {"model": "inventory.saleitem", "pk": 84, "fields": {"sale": 12, "medicine": 5, "quantity": 1, "price_at_sale": 5500}}, {"model": "inventory.saleitem", "pk": 85, "fields": {"sale": 13, "medicine": 8, "quantity": 1, "price_at_sale": 5500}}, {"model": "inventory.saleitem", "pk": 86, "fields": {"sale": 14, "medicine": 2, "quantity": 1, "price_at_sale": 120000}}, {"model": "inventory.saleitem", "pk": 87, "fields": {"sale": 14, "medicine": 8, "quantity": 1, "price_at_sale": 5500}}, {"model": "inventory.saleitem", "pk": 88, "fields": {"sale": 15, "medicine": 2, "quantity": 1, "price_at_sale": 120000}}, {"model": "inventory.saleitem", "pk": 89, "fields": {"sale": 15, "medicine": 8, "quantity": 1, "price_at_sale": 5500}}, {"model": "inventory.saleitem", "pk": 90, "fields": {"sale": 16, "medicine": 5, "quantity": 1, "price_at_sale": 5500}}, {"model": "inventory.saleitem", "pk": 91, "fields": {"sale": 16, "medicine": 6, "quantity": 1, "price_at_sale": 5500}}, {"model": "inventory.pharmacyinfo", "pk": 1, "fields": {"name": "NC Pharmacy", "address": "123 Main Street, Anytown, USA 12345", "phone_number": "(123) 456-7890"}}]